Model,Train Accuracy,Test Accuracy,Train F1,Test F1,Test AUC
RandomForest,1.0,0.43452380952380953,1.0,0.4267791571953139,0.567645022158911
DecisionTree,0.9614243323442137,0.44047619047619047,0.9614024643499932,0.4458474987858184,0.49726327556188665
LogisticRegression,0.5519287833827893,0.24404761904761904,0.502195563157994,0.25284072249589495,0.43754006410256413
XGBoost,1.0,0.40476190476190477,1.0,0.395266165175569,0.5530987852168407
AdaBoost,0.6572700296735905,0.3392857142857143,0.6516086233885034,0.31527630919917643,0.48729943217790433
LightGBM,1.0,0.3869047619047619,1.0,0.376491862567812,0.6115077951883507
