,Model,Train MSE,Test MSE,Train MAE,Test MAE,Train R2,Test R2
0,LinearRegression,10.12837911388592,12.212716241619546,2.0363507371152436,2.3858256873480723,0.6802933360693335,0.5774548927637555
1,RandomForest,3.8088204159351733,10.930217825328013,0.9138244470631653,1.8668966015868187,0.8797729375058458,0.6218277759226584
2,DecisionTree,11.789400802766945,11.205244555033255,1.7794130121505856,1.6669658614857954,0.6278624686129028,0.6123121860492033
3,XGBoost,4.457706236280706,12.477308769360516,1.1649446745641825,1.9931878836258599,0.8592905761564205,0.5683003135697178
4,LightGBM,2.2322772881793917,10.424957045078216,0.7217261791345665,1.930220049725434,0.929537202671098,0.6393091835267547
5,AdaBoost,6.7763236989379,10.73058787220432,1.9288066299822382,2.0031464367202685,0.7861024139063293,0.6287347291574148
6,SVM,12.995474378551926,9.11932323823645,1.5100771491748286,1.5180905270841905,0.5897922349621396,0.6844825230204806
