,Model,Accuracy,Precision,Recall,F1 Score,AUC-ROC,Best Params
0,DecisionTree,0.8554913294797688,0.8541730874397386,0.8554913294797688,0.8536981369192935,0.8550054248283573,"{'max_depth': 3, 'min_samples_split': 5}"
1,LogisticRegression,0.7702312138728323,0.7633415785609374,0.7702312138728323,0.7592593413694051,0.755728799430888,{'C': 0.1}
2,RandomForest,0.8742774566473989,0.8740006175423974,0.8742774566473989,0.8702426185944456,0.8564344947909263,"{'max_depth': None, 'n_estimators': 100}"
3,XGBoost,0.8916184971098265,0.8908087121755429,0.8916184971098265,0.890394618176764,0.8877230229267004,"{'max_depth': 6, 'n_estimators': 100}"
4,LightGBM,0.8916184971098265,0.8907993279818798,0.8916184971098265,0.8890010902009091,0.8768276012388273,"{'max_depth': -1, 'n_estimators': 50}"
5,AdaBoost,0.8930635838150289,0.8917240286977791,0.8930635838150289,0.892093515189,0.8899286332448115,"{'learning_rate': 0.5, 'n_estimators': 50}"
