,Model,Accuracy,Precision,Recall,F1 Score,AUC-ROC,Best Params
0,DecisionTree,0.838150289017341,0.8378206616035847,0.838150289017341,0.8369718809705537,0.8688572482563711,"{'max_depth': 3, 'min_samples_split': 5}"
1,LogisticRegression,0.7182080924855492,0.6939140780480869,0.7182080924855492,0.6938270797053436,0.7553722322062164,{'C': 0.1}
2,RandomForest,0.8078034682080925,0.8107391854622389,0.8078034682080925,0.8063571082024209,0.8447264585803581,"{'max_depth': None, 'n_estimators': 100}"
3,XGBoost,0.8511560693641619,0.8518493474227229,0.8511560693641619,0.8509834130786306,0.882772009816807,"{'max_depth': 6, 'n_estimators': 100}"
4,LightGBM,0.8338150289017341,0.8341513887898983,0.8338150289017341,0.83330924208341,0.8688569941829328,"{'max_depth': 10, 'n_estimators': 50}"
5,AdaBoost,0.8395953757225434,0.84067152266849,0.8395953757225434,0.8391118451548539,0.8723643388252512,"{'learning_rate': 0.5, 'n_estimators': 50}"
