,Model,Train Accuracy,Test Accuracy,Train F1,Test F1,Test AUC
0,RandomForest,1.0,0.8115942028985508,1.0,0.8074607949095233,0.9163083318788378
1,DecisionTree,0.8935018050541517,0.8405797101449275,0.8936303824087283,0.8389278209864084,0.8593324394797666
2,LogisticRegression,0.8429602888086642,0.7028985507246377,0.8383561643835615,0.6963476572401258,0.8199982546054615
3,XGBoost,1.0,0.8478260869565217,1.0,0.8471319561651651,0.9394434042598204
4,AdaBoost,0.8808664259927798,0.8405797101449275,0.8808465958235945,0.8394392547316086,0.889944279601627
5,LightGBM,1.0,0.8695652173913043,1.0,0.8694897342995169,0.946991574504546
