,Model,Train MSE,Test MSE,Train MAE,Test MAE,Train R2,Test R2
0,LinearRegression,8.818240290509106,24.276681383770104,2.0326960993416057,3.344373738717705,0.8068821743661021,0.6081648480566373
1,RandomForest,5.454073246342879,27.887340644262913,1.3981622432328678,3.082634925927725,0.8805568082199604,0.5498873925187174
2,DecisionTree,11.810910768523788,31.184350325815565,2.198395587901592,3.2605347553850295,0.741343246358552,0.4966723641090438
3,XGBoost,2.308889070356519,24.93776857385867,0.9545407673942483,3.6381396418032437,0.9494357579054608,0.5974946417182478
4,LightGBM,5.483554930270792,27.180379124025848,1.4686967711484729,3.207518671673839,0.8799111648139497,0.5612980285245677
5,AdaBoost,9.1217246553758,26.718179556780548,2.319386094837558,3.3620285429439587,0.8002359231043827,0.5687581106831117
6,SVM,11.711883831341673,28.65277998115347,1.4916531722503554,2.336234848924982,0.743511917902735,0.5375329016337133
