,Model,Train Accuracy,Test Accuracy,Train F1,Test F1,Test AUC
0,RandomForest,1.0,0.8840579710144928,1.0,0.8806703492287017,0.9366178176923792
1,DecisionTree,0.9133574007220217,0.8913043478260869,0.9077938326569979,0.8829399186616914,0.9057792946170139
2,LogisticRegression,0.8862815884476535,0.8840579710144928,0.8839891696750902,0.8805231530576175,0.9114554272887606
3,XGBoost,1.0,0.9130434782608695,1.0,0.9122144749892673,0.9512352429896289
4,AdaBoost,0.8935018050541517,0.9202898550724637,0.8928275766161893,0.9193794318366862,0.936981595402648
5,LightGBM,1.0,0.9202898550724637,1.0,0.9193794318366862,0.9510376108621723
