Model,Train MSE,Test MSE,Train MAE,Test MAE,Train R2,Test R2
LinearRegression,30.011172043686184,76.14279478969354,4.549219689970189,7.471308017634659,0.31212582692008994,-0.37964446011574227
RandomForest,14.148572429361629,65.48689401394272,3.0248617962600677,6.933900830244568,0.6757061821530601,-0.18656835208197742
DecisionTree,16.703254972173816,79.75752090089473,3.1357078374255756,7.403919440177505,0.6171513166829419,-0.44514030733186627
XGBoost,32.371102720667345,63.20200079390937,4.72693104277025,6.6134749594188875,0.25803479173521615,-0.14516797688322347
LightGBM,29.387413446909978,65.82121457174473,4.5353139758483065,6.776259076184769,0.3264227503569467,-0.19262596405627264
AdaBoost,22.11032082567672,69.42369222526105,3.99839590775609,7.226698831763453,0.4932181044994004,-0.2578998793504521
SVM,31.34773526251164,75.71014888934708,4.6573049305932654,7.063338912947707,0.28149099141349043,-0.3718052742642981
