Model,MSE,MAE,R2,Best Params
LinearRegression,48.88449840912442,5.7214841239203915,-0.012700472686962616,{}
RandomForest,56.68102517370281,6.303979206702827,-0.17421478901942522,"{'max_depth': 5, 'min_samples_leaf': 1, 'min_samples_split': 2, 'n_estimators': 50}"
DecisionTree,60.33012626359205,6.302092708618545,-0.2498102542257039,"{'max_depth': 5, 'min_samples_leaf': 1, 'min_samples_split': 2}"
XGBoost,50.13981294910752,5.859654614591259,-0.038705805039404684,"{'learning_rate': 0.01, 'max_depth': 3, 'n_estimators': 50, 'reg_lambda': 1, 'subsample': 0.7}"
LightGBM,55.17524753195115,6.110217077386359,-0.14302081589524285,"{'learning_rate': 0.01, 'max_depth': 5, 'n_estimators': 50, 'reg_lambda': 1.0}"
AdaBoost,52.51822781855034,5.966308765745493,-0.08797749526668674,"{'learning_rate': 0.1, 'n_estimators': 50}"
SVM,49.90429840663509,5.70668545870586,-0.03382684143645687,"{'C': 1.0, 'epsilon': 1.0, 'kernel': 'linear'}"
