Model,Accuracy,Precision,Recall,F1 Score,AUC-ROC,Best Params
DecisionTree,0.3847980997624703,0.3785858812227009,0.3847980997624703,0.3815387379484727,0.4526039503732584,"{'max_depth': 10, 'min_samples_split': 5}"
LogisticRegression,0.41092636579572445,0.35184598432817343,0.41092636579572445,0.3743438277111604,0.4452856214144498,{'C': 10}
RandomForest,0.41211401425178146,0.370582511958478,0.41211401425178146,0.3877818451382009,0.45373573514876875,"{'max_depth': None, 'n_estimators': 100}"
XGBoost,0.42399049881235157,0.40344008202490517,0.42399049881235157,0.4104592277712445,0.46970474548617913,"{'max_depth': 6, 'n_estimators': 50}"
LightGBM,0.3978622327790974,0.38216664907072806,0.3978622327790974,0.3888823821264567,0.4554051016782881,"{'max_depth': 10, 'n_estimators': 100}"
AdaBoost,0.39667458432304037,0.37390373101527435,0.39667458432304037,0.38455169683566764,0.45122528137908685,"{'learning_rate': 1.0, 'n_estimators': 100}"
