Model,Accuracy,Precision,Recall,F1 Score,AUC-ROC,Best Params
DecisionTree,0.2826603325415677,0.2851022032613376,0.2826603325415677,0.2825621992853764,0.45319639746686596,"{'max_depth': 5, 'min_samples_split': 2}"
LogisticRegression,0.34560570071258906,0.31632178818013373,0.34560570071258906,0.3242620077890209,0.4832199396285474,{'C': 1}
RandomForest,0.30403800475059384,0.30549914044649645,0.30403800475059384,0.29865764785187404,0.46060706421971925,"{'max_depth': None, 'n_estimators': 100}"
XGBoost,0.30522565320665085,0.30970912083187413,0.30522565320665085,0.3032122710139996,0.464442303082876,"{'max_depth': 6, 'n_estimators': 100}"
LightGBM,0.2862232779097387,0.28273044899663663,0.2862232779097387,0.2822336210257871,0.4490510492221877,"{'max_depth': -1, 'n_estimators': 50}"
AdaBoost,0.39073634204275537,0.37933494287425085,0.39073634204275537,0.37354391913605656,0.5179110135791419,"{'learning_rate': 0.5, 'n_estimators': 50}"
