Model,Train MSE,Test MSE,Train MAE,Test MAE,Train R2,Test R2
LinearRegression,26.307859259510963,26.230768493888966,3.684258419513469,3.7608002745270492,0.04075662190366813,-0.036910084779942176
RandomForest,16.10931232227937,26.103561733309405,2.8126868988156115,3.836725093801851,0.4126184491713989,-0.031881563677792046
DecisionTree,20.08357662963256,29.677469631058393,3.0532352516187955,3.9410209846650526,0.26770788529665424,-0.17315920646259886
XGBoost,24.305507624321482,26.134758772092454,3.5606059009314293,3.791130332719712,0.1137668401707237,-0.033114791905053176
LightGBM,25.292126151881384,26.374927054153826,3.6327088190139993,3.7914489049697164,0.0777925223848005,-0.0426087155684689
AdaBoost,21.60322384797876,26.265056702158706,3.6993926824819963,3.7733273508343492,0.21229814948874715,-0.038265507856937164
SVM,29.433122964478056,30.80625729639682,3.441883707524855,3.769167366485802,-0.0731974814774603,-0.21778051879804572
