Model,Train Accuracy,Test Accuracy,Train F1,Test F1,Test AUC
RandomForest,1.0,0.27976190476190477,1.0,0.2759745742268538,0.4556346100021769
DecisionTree,0.7997032640949555,0.23214285714285715,0.8005838244848409,0.2561545675519605,0.40582290421799777
LogisticRegression,0.49851632047477745,0.4880952380952381,0.47854449559463547,0.4857863952168716,0.5320670306675966
XGBoost,1.0,0.2857142857142857,1.0,0.2805436969106034,0.5163922591307516
AdaBoost,0.6231454005934718,0.47619047619047616,0.6114265621731856,0.45728531138482786,0.5619734536994667
LightGBM,1.0,0.25,1.0,0.2500439104111294,0.5029169683964856
